feature,ks_statistic,p_value,drift_detected,reference_mean,incoming_mean
distance_km,0.005813661881548748,0.9157203346099629,False,9.926961700888105,9.95784478722444
Delivery_person_Ratings,0.008965697591024169,0.45338946182207385,False,4.6365516636325745,4.63577506798842
Delivery_person_Age,0.0067930224635768255,0.7913557675662835,False,29.584738885355208,29.538029651723836
prep_time_min,0.005613813736814965,0.9345240467307802,False,9.989801065953106,10.034213527502413
traffic_ordinal,0.0028934687995021413,0.9999989442466718,False,1.3648147741977936,1.358013860864988
