model,MAE,RMSE,R2
xgboost,4.183552028134356,5.290313355530997,0.6807936796572356
random_forest,4.210374283915074,5.3352259395740536,0.6753508127761757
decision_tree,4.2631279019801775,5.416619376007923,0.6653696513271417
linear_regression,5.095134734016589,6.429327695832701,0.5285454713954463
