{"trials": [5.560995101928711, 4.466101169586182, 2.632206439971924, 5.006898403167725, 7.308473587036133, 7.513479709625244, 4.598015785217285, 5.886137962341309, 7.9626688957214355, 4.000540256500244, 4.977017879486084, 5.901121616363525, 5.594569206237793, 5.557578086853027, 6.612668037414551, 3.734691858291626, 6.633632659912109, 7.5568528175354, 6.9512529373168945, 4.818421363830566], "mean_improvement_pct": 5.663666188716888}